country_code,country_name,city,applications,refusal_rate
BG,Bulgaria,Edirne,20534,2.8
GR,Greece,Edirne,49953,3.1
PT,Portugal,Ankara,3921,3.5
SK,Slovakia,Istanbul,2129,4.4
ES,Spain,Ankara,16632,5.6
BG,Bulgaria,Bursa,19244,6.2
RO,Romania,Istanbul,13481,6.2
RO,Romania,Ankara,8617,6.2
ES,Spain,Istanbul,39221,8.2
NL,Netherlands,Istanbul,71316,8.6
LU,Luxembourg,Ankara,3412,8.8
IT,Italy,Izmir,20721,8.8
NL,Netherlands,Ankara,39125,9.8
CH,Switzerland,Istanbul,23072,9.8
GR,Greece,Istanbul,169025,11.2
CZ,Czechia,Istanbul,16644,11.4
GR,Greece,Izmir,75981,11.5
SK,Slovakia,Ankara,874,11.8
LV,Latvia,Ankara,1828,12.8
AT,Austria,Istanbul,15142,12.8
FR,France,Ankara,47308,14.1
BG,Bulgaria,Istanbul,34048,14.1
RO,Romania,Izmir,3618,14.4
DE,Germany,Istanbul,133128,15.5
DE,Germany,Izmir,41625,15.7
BE,Belgium,Istanbul,14393,16.1
FR,France,Istanbul,96071,16.1
IT,Italy,Ankara,17134,16.2
IT,Italy,Istanbul,41615,17.1
HU,Hungary,Istanbul,29370,17.5
HR,Croatia,Ankara,565,17.5
SI,Slovenia,Ankara,5890,17.6
PL,Poland,Istanbul,2181,19.4
DK,Denmark,Ankara,44253,21.0
BG,Bulgaria,Ankara,8207,21.2
FI,Finland,Ankara,5824,22.0
HU,Hungary,Ankara,6235,22.0
NO,Norway,Ankara,15532,24.7
HR,Croatia,Istanbul,3098,26.1
SE,Sweden,Istanbul,21661,26.7
GR,Greece,Ankara,15961,27.1
EE,Estonia,Ankara,2995,30.6
CZ,Czechia,Ankara,7398,31.5
PL,Poland,Ankara,5160,33.5
MT,Malta,Istanbul,8068,34.9
LT,Lithuania,Ankara,3292,35.5
DE,Germany,Ankara,42874,44.1
