country_code,country_name,applications,issued,multiple_entry,refused
GR,Greece,310920,276959,199846,33420
DE,Germany,217627,171278,160351,46008
FR,France,143379,119439,57846,21837
NL,Netherlands,110441,99804,59252,9925
BG,Bulgaria,82033,73150,51123,8240
IT,Italy,79470,67736,45419,11734
ES,Spain,55853,48388,12017,3881
DK,Denmark,44253,31914,27232,8491
HU,Hungary,35605,28923,22311,6457
RO,Romania,25716,23796,16625,1891
CZ,Czechia,24042,19801,9148,4234
CH,Switzerland,23072,20792,16179,2258
SE,Sweden,21661,15735,8110,5742
NO,Norway,15532,11699,9783,3833
AT,Austria,15142,12999,9156,1911
BE,Belgium,14393,11956,8253,2292
MT,Malta,8068,5244,2370,2811
PL,Poland,7341,5188,3058,2148
SI,Slovenia,5890,4814,4810,1030
FI,Finland,5824,4373,1846,1234
PT,Portugal,3921,3785,2348,136
HR,Croatia,3663,2659,1737,880
LU,Luxembourg,3412,3045,2750,293
LT,Lithuania,3292,2119,1151,1167
SK,Slovakia,3003,2799,2063,196
EE,Estonia,2995,2078,1062,915
LV,Latvia,1828,1581,710,232
